parameter,family,method,sample_size,mean_bias,mean_rel_bias,mean_bias_z,mean_true_value,min_rel_bias,max_rel_bias
alpha,bkw,nlminb,100,0.01897884750225387,0.009489423751126935,0.01335468389200232,2,0.009489423751126935,0.009489423751126935
alpha,bkw,nlminb,250,-0.0016576844072955232,-8.288422036477616e-4,-0.001914732258068035,2,-8.288422036477616e-4,-8.288422036477616e-4
alpha,bkw,nlminb,500,-0.004099440897266993,-0.0020497204486334963,-0.006986243093154416,2,-0.0020497204486334963,-0.0020497204486334963
alpha,bkw,nlminb,1000,0.005435447183562037,0.0027177235917810183,0.01363398938063061,2,0.0027177235917810183,0.0027177235917810183
alpha,bkw,nlminb,5000,0.005679611718640842,0.002839805859320421,0.032175198380970826,2,0.002839805859320421,0.002839805859320421
alpha,bkw,nr,100,-0.13638489112537266,-0.06819244556268633,-0.027051924966765537,2,-0.06819244556268633,-0.06819244556268633
alpha,bkw,nr,250,-0.19108460050218468,-0.09554230025109234,-0.008655277489910193,2,-0.09554230025109234,-0.09554230025109234
alpha,bkw,nr,500,-0.14928170143598396,-0.07464085071799198,-0.002956285117830917,2,-0.07464085071799198,-0.07464085071799198
alpha,bkw,nr,1000,-0.22438748805689768,-0.11219374402844884,-0.0032673898755275414,2,-0.11219374402844884,-0.11219374402844884
alpha,bkw,nr,5000,-0.14187678239237278,-0.07093839119618639,-0.11086696508106175,2,-0.07093839119618639,-0.07093839119618639
alpha,bkw,optim,100,0.03572225924502881,0.017861129622514405,0.02413569947660726,2,0.017861129622514405,0.017861129622514405
alpha,bkw,optim,250,0.03453812566254477,0.017269062831272386,0.037564403637234955,2,0.017269062831272386,0.017269062831272386
alpha,bkw,optim,500,0.009070051958211867,0.004535025979105933,0.014107565263777185,2,0.004535025979105933,0.004535025979105933
alpha,bkw,optim,1000,0.037226817304733206,0.018613408652366603,0.08319932405609472,2,0.018613408652366603,0.018613408652366603
alpha,bkw,optim,5000,0.0043487411411158305,0.0021743705705579153,0.022081576478818452,2,0.0021743705705579153,0.0021743705705579153
alpha,bkw,tmb,100,-0.036291546608224756,-0.018145773304112378,-0.03321685495367397,2,-0.018145773304112378,-0.018145773304112378
alpha,bkw,tmb,250,-0.012403900832790304,-0.006201950416395152,-0.017425761791047947,2,-0.006201950416395152,-0.006201950416395152
alpha,bkw,tmb,500,-0.010286911226217166,-0.005143455613108583,-0.020569896643329134,2,-0.005143455613108583,-0.005143455613108583
alpha,bkw,tmb,1000,-0.005090765514679685,-0.0025453827573398424,-0.014503410893258949,2,-0.0025453827573398424,-0.0025453827573398424
alpha,bkw,tmb,5000,0.002075162949822129,0.0010375814749110646,0.012940922930303515,2,0.0010375814749110646,0.0010375814749110646
alpha,ekw,nlminb,100,0.5405106488691569,0.27025532443457845,0.2834262870783866,2,0.27025532443457845,0.27025532443457845
alpha,ekw,nlminb,250,0.15062619753553363,0.07531309876776682,0.14204727112431945,2,0.07531309876776682,0.07531309876776682
alpha,ekw,nlminb,500,0.07402694798422749,0.03701347399211374,0.10120694649554492,2,0.03701347399211374,0.03701347399211374
alpha,ekw,nlminb,1000,0.031172324240692273,0.015586162120346136,0.061153144408214906,2,0.015586162120346136,0.015586162120346136
alpha,ekw,nlminb,5000,0.009141518273029448,0.004570759136514724,0.040497630585553585,2,0.004570759136514724,0.004570759136514724
alpha,ekw,nr,100,-0.07896108298433036,-0.03948054149216518,-0.002446607756279871,2,-0.03948054149216518,-0.03948054149216518
alpha,ekw,nr,250,-0.042166955002794326,-0.021083477501397163,-0.004888878995947134,2,-0.021083477501397163,-0.021083477501397163
alpha,ekw,nr,500,-0.4209207224435685,-0.21046036122178424,-0.05875748010905122,2,-0.21046036122178424,-0.21046036122178424
alpha,ekw,nr,1000,-0.4143196107312197,-0.20715980536560985,-0.05012585284464531,2,-0.20715980536560985,-0.20715980536560985
alpha,ekw,nr,5000,-0.2024446089439973,-0.10122230447199865,-0.007971001107129706,2,-0.10122230447199865,-0.10122230447199865
alpha,ekw,optim,100,0.5952354315764072,0.2976177157882036,0.30628853520460053,2,0.2976177157882036,0.2976177157882036
alpha,ekw,optim,250,0.15802640593344153,0.07901320296672076,0.14855006362102366,2,0.07901320296672076,0.07901320296672076
alpha,ekw,optim,500,0.08011489094143442,0.04005744547071721,0.10952538466607993,2,0.04005744547071721,0.04005744547071721
alpha,ekw,optim,1000,0.04217758671121352,0.02108879335560676,0.08255638144493274,2,0.02108879335560676,0.02108879335560676
alpha,ekw,optim,5000,0.005246685963582465,0.0026233429817912324,0.023234595921835858,2,0.0026233429817912324,0.0026233429817912324
alpha,ekw,tmb,100,0.30887103809576866,0.15443551904788433,0.1936955142112779,2,0.15443551904788433,0.15443551904788433
alpha,ekw,tmb,250,0.12126235767551874,0.06063117883775937,0.12042415127499659,2,0.06063117883775937,0.06063117883775937
alpha,ekw,tmb,500,0.06301481635755302,0.03150740817877651,0.08834435449701131,2,0.03150740817877651,0.03150740817877651
alpha,ekw,tmb,1000,0.024684521894306588,0.012342260947153294,0.04899537169571796,2,0.012342260947153294,0.012342260947153294
alpha,ekw,tmb,5000,0.006730303399871129,0.0033651516999355646,0.02985935059089272,2,0.0033651516999355646,0.0033651516999355646
alpha,gkw,nlminb,100,-0.27456493584468,-0.13728246792234,-0.08020241424804411,2,-0.13728246792234,-0.13728246792234
alpha,gkw,nlminb,250,-0.364261571207507,-0.1821307856037535,-0.14288431301599971,2,-0.1821307856037535,-0.1821307856037535
alpha,gkw,nlminb,500,-0.37358146572438367,-0.18679073286219183,-0.176940933275836,2,-0.18679073286219183,-0.18679073286219183
alpha,gkw,nlminb,1000,-0.37876888787312946,-0.18938444393656473,-0.19988242587746022,2,-0.18938444393656473,-0.18938444393656473
alpha,gkw,nlminb,5000,-0.17318654554548063,-0.08659327277274032,-0.12176266273964495,2,-0.08659327277274032,-0.08659327277274032
alpha,gkw,nr,100,0.3978658159801127,0.19893290799005636,0.006294635269190304,2,0.19893290799005636,0.19893290799005636
alpha,gkw,nr,250,1.2280263889661795,0.6140131944830898,0.0077169206009585975,2,0.6140131944830898,0.6140131944830898
alpha,gkw,nr,500,-0.13257637789308685,-0.06628818894654342,-6.978866034136807e-4,2,-0.06628818894654342,-0.06628818894654342
alpha,gkw,nr,1000,0.21184502546896766,0.10592251273448383,7.842273133415314e-4,2,0.10592251273448383,0.10592251273448383
alpha,gkw,nr,5000,0.8527719384260886,0.4263859692130443,0.006343201113900566,2,0.4263859692130443,0.4263859692130443
alpha,gkw,optim,100,0.1583832077131504,0.0791916038565752,0.0321610701696974,2,0.0791916038565752,0.0791916038565752
alpha,gkw,optim,250,0.3420629372112254,0.1710314686056127,0.07837672347032679,2,0.1710314686056127,0.1710314686056127
alpha,gkw,optim,500,-0.3512903043375797,-0.17564515216878984,-0.14268938635735848,2,-0.17564515216878984,-0.17564515216878984
alpha,gkw,optim,1000,0.7914845574768563,0.39574227873842815,0.2940466747988089,2,0.39574227873842815,0.39574227873842815
alpha,gkw,optim,5000,0.28987737755237664,0.14493868877618832,0.22650730569919053,2,0.14493868877618832,0.14493868877618832
alpha,gkw,tmb,100,0.06873627702413376,0.03436813851206688,0.0255717387386756,2,0.03436813851206688,0.03436813851206688
alpha,gkw,tmb,250,0.16833164018472857,0.08416582009236429,0.06751302652358596,2,0.08416582009236429,0.08416582009236429
alpha,gkw,tmb,500,0.08147803015014654,0.04073901507507327,0.03864065893094703,2,0.04073901507507327,0.04073901507507327
alpha,gkw,tmb,1000,0.03141832185219684,0.01570916092609842,0.0175482556747993,2,0.01570916092609842,0.01570916092609842
alpha,gkw,tmb,5000,-0.06269689153938596,-0.03134844576969298,-0.053135479761857556,2,-0.03134844576969298,-0.03134844576969298
alpha,kkw,nlminb,100,-0.021613913863044676,-0.010806956931522338,-0.002628262763965594,2,-0.010806956931522338,-0.010806956931522338
alpha,kkw,nlminb,250,-0.10571306763206678,-0.05285653381603339,-0.01798839026849438,2,-0.05285653381603339,-0.05285653381603339
alpha,kkw,nlminb,500,-0.06170544682086976,-0.03085272341043488,-0.012063454235183617,2,-0.03085272341043488,-0.03085272341043488
alpha,kkw,nlminb,1000,-0.06265059487020452,-0.03132529743510226,-0.012009596590413995,2,-0.03132529743510226,-0.03132529743510226
alpha,kkw,nlminb,5000,-0.15398686746184986,-0.07699343373092493,-0.03609530840634181,2,-0.07699343373092493,-0.07699343373092493
alpha,kkw,nr,100,0.44565396143328284,0.22282698071664142,0.00950390964213867,2,0.22282698071664142,0.22282698071664142
alpha,kkw,nr,250,0.6938257515578461,0.34691287577892305,0.006941903909426833,2,0.34691287577892305,0.34691287577892305
alpha,kkw,nr,500,0.6775260165649035,0.33876300828245176,0.007670180743369244,2,0.33876300828245176,0.33876300828245176
alpha,kkw,nr,1000,-0.17664741180793708,-0.08832370590396854,-0.005935393263894102,2,-0.08832370590396854,-0.08832370590396854
alpha,kkw,nr,5000,-0.019305228422985765,-0.009652614211492883,-2.7386033019547454e-4,2,-0.009652614211492883,-0.009652614211492883
alpha,kkw,optim,100,1.8012935630119973,0.9006467815059986,0.19792337548294253,2,0.9006467815059986,0.9006467815059986
alpha,kkw,optim,250,1.1832543257434573,0.5916271628717287,0.15722210938755635,2,0.5916271628717287,0.5916271628717287
alpha,kkw,optim,500,-0.21599513761891354,-0.10799756880945677,-0.040433872987667104,2,-0.10799756880945677,-0.10799756880945677
alpha,kkw,optim,1000,-0.04946883154691162,-0.02473441577345581,-0.010586455335893113,2,-0.02473441577345581,-0.02473441577345581
alpha,kkw,optim,5000,-0.4386948203245047,-0.21934741016225234,-0.15309469815355173,2,-0.21934741016225234,-0.21934741016225234
alpha,kkw,tmb,100,0.24714642779879847,0.12357321389939924,0.11415825261498765,2,0.12357321389939924,0.12357321389939924
alpha,kkw,tmb,250,0.3027245649906045,0.15136228249530226,0.15605571379064148,2,0.15136228249530226,0.15136228249530226
alpha,kkw,tmb,500,0.20870722331220737,0.10435361165610368,0.12168870911200858,2,0.10435361165610368,0.10435361165610368
alpha,kkw,tmb,1000,0.12515243723575553,0.06257621861787777,0.08229364950989752,2,0.06257621861787777,0.06257621861787777
alpha,kkw,tmb,5000,-0.006367716255195166,-0.003183858127597583,-0.004980944197265232,2,-0.003183858127597583,-0.003183858127597583
alpha,kw,nlminb,100,0.036486854550353165,0.018243427275176582,0.1742783278800415,2,0.018243427275176582,0.018243427275176582
alpha,kw,nlminb,250,0.015194682859305697,0.0075973414296528485,0.11565521577020424,2,0.0075973414296528485,0.0075973414296528485
alpha,kw,nlminb,500,0.007970064489800865,0.003985032244900433,0.08601461973238773,2,0.003985032244900433,0.003985032244900433
alpha,kw,nlminb,1000,0.003793683775001,0.0018968418875005,0.05798952741056371,2,0.0018968418875005,0.0018968418875005
alpha,kw,nlminb,5000,8.152052522945041e-4,4.0760262614725207e-4,0.027897068376483643,2,4.0760262614725207e-4,4.0760262614725207e-4
alpha,kw,nr,100,0.03359720788906273,0.016798603944531365,0.16059295671224097,2,0.016798603944531365,0.016798603944531365
alpha,kw,nr,250,0.013694913361825378,0.006847456680912689,0.10428482924524782,2,0.006847456680912689,0.006847456680912689
alpha,kw,nr,500,0.011159175869198457,0.005579587934599228,0.12029227302220899,2,0.005579587934599228,0.005579587934599228
alpha,kw,nr,1000,0.00843115615114387,0.004215578075571935,0.12867312277699797,2,0.004215578075571935,0.004215578075571935
alpha,kw,nr,5000,0.0028600943357974806,0.0014300471678987403,0.09781192885317948,2,0.0014300471678987403,0.0014300471678987403
alpha,kw,optim,100,0.03718854993033904,0.01859427496516952,0.17752967871914657,2,0.01859427496516952,0.01859427496516952
alpha,kw,optim,250,0.016860692710918723,0.008430346355459362,0.1282391379154874,2,0.008430346355459362,0.008430346355459362
alpha,kw,optim,500,0.007838545737202107,0.003919272868601054,0.08460303829664996,2,0.003919272868601054,0.003919272868601054
alpha,kw,optim,1000,0.004398294533975999,0.0021991472669879997,0.06721853964105962,2,0.0021991472669879997,0.0021991472669879997
alpha,kw,optim,5000,7.382145495591352e-4,3.691072747795676e-4,0.02526400910655902,2,3.691072747795676e-4,3.691072747795676e-4
alpha,kw,tmb,100,0.02587548320183286,0.01293774160091643,0.12412711670003287,2,0.01293774160091643,0.01293774160091643
alpha,kw,tmb,250,0.010188826272666596,0.005094413136333298,0.07772363965187984,2,0.005094413136333298,0.005094413136333298
alpha,kw,tmb,500,0.00508512082140733,0.002542560410703665,0.054957596272149856,2,0.002542560410703665,0.002542560410703665
alpha,kw,tmb,1000,0.0013939309934989375,6.969654967494687e-4,0.021333572854439677,2,6.969654967494687e-4,6.969654967494687e-4
alpha,kw,tmb,5000,-2.1777805995215616e-4,-1.0888902997607808e-4,-0.007456198608821385,2,-1.0888902997607808e-4,-1.0888902997607808e-4
beta,bkw,nlminb,100,-0.43283628443193267,-0.1442787614773109,-0.011655015676512009,3,-0.1442787614773109,-0.1442787614773109
beta,bkw,nlminb,250,-0.6705324468090899,-0.22351081560302996,-0.03399641478993179,3,-0.22351081560302996,-0.22351081560302996
beta,bkw,nlminb,500,-0.6998989021358488,-0.23329963404528295,-0.04326221508685331,3,-0.23329963404528295,-0.23329963404528295
beta,bkw,nlminb,1000,-0.6344837769114213,-0.2114945923038071,-0.04954600101184026,3,-0.2114945923038071,-0.2114945923038071
beta,bkw,nlminb,5000,-0.41042443627974334,-0.13680814542658112,-0.06510154058877114,3,-0.13680814542658112,-0.13680814542658112
beta,bkw,nr,100,0.07305041491273734,0.024350138304245778,0.0014922392718285313,3,0.024350138304245778,0.024350138304245778
beta,bkw,nr,250,0.21015686319195437,0.07005228773065146,0.0027081788705302866,3,0.07005228773065146,0.07005228773065146
beta,bkw,nr,500,0.6228698602838194,0.20762328676127315,0.009882633303136141,3,0.20762328676127315,0.20762328676127315
beta,bkw,nr,1000,0.2502729266953514,0.08342430889845047,0.003180404694662991,3,0.08342430889845047,0.08342430889845047
beta,bkw,nr,5000,-0.18024522273381205,-0.060081740911270685,-0.0010506236322195847,3,-0.060081740911270685,-0.060081740911270685
beta,bkw,optim,100,1.2247869876794972,0.4082623292264991,0.03597650364850454,3,0.4082623292264991,0.4082623292264991
beta,bkw,optim,250,1.217741710077978,0.405913903359326,0.04019479432039441,3,0.405913903359326,0.405913903359326
beta,bkw,optim,500,0.9797515226274194,0.32658384087580644,0.03798576082832177,3,0.32658384087580644,0.32658384087580644
beta,bkw,optim,1000,0.6965896699747964,0.23219655665826547,0.033665751462815315,3,0.23219655665826547,0.23219655665826547
beta,bkw,optim,5000,-0.1526377708430151,-0.0508792569476717,-0.01357664917382631,3,-0.0508792569476717,-0.0508792569476717
beta,bkw,tmb,100,-0.20186130033696736,-0.06728710011232246,-0.03795688046026612,3,-0.06728710011232246,-0.06728710011232246
beta,bkw,tmb,250,-0.286266023351053,-0.09542200778368433,-0.05476121827166277,3,-0.09542200778368433,-0.09542200778368433
beta,bkw,tmb,500,-0.2900328427856458,-0.09667761426188193,-0.0559178359901705,3,-0.09667761426188193,-0.09667761426188193
beta,bkw,tmb,1000,-0.2708180261681439,-0.09027267538938129,-0.05313042547810254,3,-0.09027267538938129,-0.09027267538938129
beta,bkw,tmb,5000,-0.16131273034535143,-0.05377091011511714,-0.03355107305622581,3,-0.05377091011511714,-0.05377091011511714
beta,ekw,nlminb,100,0.7264235243776462,0.24214117479254874,0.4089015037939299,3,0.24214117479254874,0.24214117479254874
beta,ekw,nlminb,250,0.19339484221562353,0.06446494740520785,0.25693506893907175,3,0.06446494740520785,0.06446494740520785
beta,ekw,nlminb,500,0.08664072961002933,0.02888024320334311,0.17756523218283043,3,0.02888024320334311,0.02888024320334311
beta,ekw,nlminb,1000,0.03815493068877762,0.012718310229592541,0.11511284015234621,3,0.012718310229592541,0.012718310229592541
beta,ekw,nlminb,5000,0.009614236327982084,0.0032047454426606947,0.06660174706071327,3,0.0032047454426606947,0.0032047454426606947
beta,ekw,nr,100,0.230841486793254,0.076947162264418,0.012272757022720602,3,0.076947162264418,0.076947162264418
beta,ekw,nr,250,0.049610122312095495,0.016536707437365166,0.009207783012908302,3,0.016536707437365166,0.016536707437365166
beta,ekw,nr,500,-0.2111661555733071,-0.07038871852443569,-0.04843894555415195,3,-0.07038871852443569,-0.07038871852443569
beta,ekw,nr,1000,-0.23336599744985564,-0.07778866581661854,-0.04745597228512493,3,-0.07778866581661854,-0.07778866581661854
beta,ekw,nr,5000,-0.108536658393378,-0.036178886131126,-0.00772200845243501,3,-0.036178886131126,-0.036178886131126
beta,ekw,optim,100,0.868254142702034,0.2894180475673447,0.42092849792604276,3,0.2894180475673447,0.2894180475673447
beta,ekw,optim,250,0.19918718246304934,0.06639572748768312,0.2634504895346204,3,0.06639572748768312,0.06639572748768312
beta,ekw,optim,500,0.09612866465994241,0.0320428882199808,0.19621877332834317,3,0.0320428882199808,0.0320428882199808
beta,ekw,optim,1000,0.049562277028079915,0.01652075900935997,0.14853807884503797,3,0.01652075900935997,0.01652075900935997
beta,ekw,optim,5000,0.0074051405756856425,0.002468380191895214,0.05131144453996888,3,0.002468380191895214,0.002468380191895214
beta,ekw,tmb,100,0.4267882959972926,0.14226276533243087,0.32419321483581787,3,0.14226276533243087,0.14226276533243087
beta,ekw,tmb,250,0.1498806450226886,0.04996021500756287,0.213098913680013,3,0.04996021500756287,0.04996021500756287
beta,ekw,tmb,500,0.0744908709717862,0.024830290323928732,0.15687290054213743,3,0.024830290323928732,0.024830290323928732
beta,ekw,tmb,1000,0.03133548360254679,0.01044516120084893,0.09575353440494229,3,0.01044516120084893,0.01044516120084893
beta,ekw,tmb,5000,0.007342923821473946,0.0024476412738246487,0.050970150171699945,3,0.0024476412738246487,0.0024476412738246487
beta,gkw,nlminb,100,2.375309166100223,0.7917697220334077,0.1121076998567799,3,0.7917697220334077,0.7917697220334077
beta,gkw,nlminb,250,1.6140599506692164,0.5380199835564055,0.1219439333313975,3,0.5380199835564055,0.5380199835564055
beta,gkw,nlminb,500,1.4330083550042518,0.47766945166808394,0.13709979111266404,3,0.47766945166808394,0.47766945166808394
beta,gkw,nlminb,1000,1.2485004861704985,0.41616682872349947,0.14050886231309684,3,0.41616682872349947,0.41616682872349947
beta,gkw,nlminb,5000,1.3662268680298277,0.4554089560099426,0.18048075124014132,3,0.4554089560099426,0.4554089560099426
beta,gkw,nr,100,2.221259640126532,0.7404198800421774,0.01516452035364703,3,0.7404198800421774,0.7404198800421774
beta,gkw,nr,250,2.2631244476095826,0.7543748158698609,0.017767907814517495,3,0.7543748158698609,0.7543748158698609
beta,gkw,nr,500,1.6821862942084582,0.5607287647361527,0.008789599785903808,3,0.5607287647361527,0.5607287647361527
beta,gkw,nr,1000,0.040431145739095786,0.013477048579698595,2.7063906070746047e-4,3,0.013477048579698595,0.013477048579698595
beta,gkw,nr,5000,2.2651401280160606,0.7550467093386869,0.013572883915153995,3,0.7550467093386869,0.7550467093386869
beta,gkw,optim,100,2.531258787296058,0.8437529290986859,0.11673349839692836,3,0.8437529290986859,0.8437529290986859
beta,gkw,optim,250,2.4596963064726776,0.8198987688242259,0.15561612982204434,3,0.8198987688242259,0.8198987688242259
beta,gkw,optim,500,1.2469217655626288,0.41564058852087626,0.11430722072235003,3,0.41564058852087626,0.41564058852087626
beta,gkw,optim,1000,4.450690961033712,1.483563653677904,0.2569053947168713,3,1.483563653677904,1.483563653677904
beta,gkw,optim,5000,3.5099060199634717,1.1699686733211572,0.3426068458890359,3,1.1699686733211572,1.1699686733211572
beta,gkw,tmb,100,0.8780016062029006,0.2926672020676335,0.11500910680816896,3,0.2926672020676335,0.2926672020676335
beta,gkw,tmb,250,0.8824599517917711,0.2941533172639237,0.12960194271537356,3,0.2941533172639237,0.2941533172639237
beta,gkw,tmb,500,0.7847856079083004,0.26159520263610014,0.1301056978109908,3,0.26159520263610014,0.26159520263610014
beta,gkw,tmb,1000,0.7831257389576165,0.26104191298587215,0.140481197272239,3,0.26104191298587215,0.26104191298587215
beta,gkw,tmb,5000,0.9143688357911648,0.3047896119303883,0.17308918358688685,3,0.3047896119303883,0.3047896119303883
beta,kkw,nlminb,100,3.8974336497889093,1.2991445499296363,0.06253410377505844,3,1.2991445499296363,1.2991445499296363
beta,kkw,nlminb,250,0.8431828587908083,0.28106095293026945,0.03554964989057139,3,0.28106095293026945,0.28106095293026945
beta,kkw,nlminb,500,0.3919204598880248,0.13064015329600828,0.019965306722544627,3,0.13064015329600828,0.13064015329600828
beta,kkw,nlminb,1000,-0.038238900553230426,-0.012746300184410142,-0.002409364882020154,3,-0.012746300184410142,-0.012746300184410142
beta,kkw,nlminb,5000,-0.5199920688269586,-0.1733306896089862,-0.046859254073997464,3,-0.1733306896089862,-0.1733306896089862
beta,kkw,nr,100,12.29306731187466,4.09768910395822,0.07416795148227166,3,4.09768910395822,4.09768910395822
beta,kkw,nr,250,0.8182295695372113,0.2727431898457371,0.008781316230271188,3,0.2727431898457371,0.2727431898457371
beta,kkw,nr,500,1.5227585386601508,0.5075861795533836,0.018429218274676043,3,0.5075861795533836,0.5075861795533836
beta,kkw,nr,1000,1.5947851357639111,0.5315950452546371,0.010566622914529956,3,0.5315950452546371,0.5315950452546371
beta,kkw,nr,5000,1.3131127395966677,0.43770424653222256,0.01995181686021913,3,0.43770424653222256,0.43770424653222256
beta,kkw,optim,100,9.286554094258538,3.0955180314195125,0.20982625426047885,3,3.0955180314195125,3.0955180314195125
beta,kkw,optim,250,3.9744378148787014,1.3248126049595672,0.14855643225941426,3,1.3248126049595672,1.3248126049595672
beta,kkw,optim,500,-0.11537319662760481,-0.0384577322092016,-0.012021612016976265,3,-0.0384577322092016,-0.0384577322092016
beta,kkw,optim,1000,-0.2959254035087726,-0.09864180116959087,-0.035743488008539985,3,-0.09864180116959087,-0.09864180116959087
beta,kkw,optim,5000,-0.948503486952494,-0.3161678289841647,-0.22329063934899754,3,-0.3161678289841647,-0.3161678289841647
beta,kkw,tmb,100,1.969551910342413,0.6565173034474711,0.23122040490061552,3,0.6565173034474711,0.6565173034474711
beta,kkw,tmb,250,1.5165472845867223,0.5055157615289074,0.19922104121840856,3,0.5055157615289074,0.5055157615289074
beta,kkw,tmb,500,0.9432284196622471,0.314409473220749,0.1342526042118234,3,0.314409473220749,0.314409473220749
beta,kkw,tmb,1000,0.5887908666475203,0.19626362221584012,0.0868240754054828,3,0.19626362221584012,0.19626362221584012
beta,kkw,tmb,5000,0.3487205448828625,0.11624018162762084,0.052603580691088156,3,0.11624018162762084,0.11624018162762084
beta,kw,nlminb,100,0.1277263043072585,0.04257543476908617,0.2465429690487243,3,0.04257543476908617,0.04257543476908617
beta,kw,nlminb,250,0.052352606054096196,0.017450868684698733,0.16511113240612846,3,0.017450868684698733,0.017450868684698733
beta,kw,nlminb,500,0.025183000251139287,0.008394333417046429,0.11366819993656496,3,0.008394333417046429,0.008394333417046429
beta,kw,nlminb,1000,0.012527413760066608,0.004175804586688869,0.08040711217227386,3,0.004175804586688869,0.004175804586688869
beta,kw,nlminb,5000,0.002502844317587183,8.342814391957276e-4,0.036084135729822185,3,8.342814391957276e-4,8.342814391957276e-4
beta,kw,nr,100,0.12691700590613397,0.04230566863537799,0.24482438599066975,3,0.04230566863537799,0.04230566863537799
beta,kw,nr,250,0.054962151029041006,0.018320717009680337,0.17305843770157925,3,0.018320717009680337,0.018320717009680337
beta,kw,nr,500,0.038007660548797784,0.012669220182932595,0.17061364177603594,3,0.012669220182932595,0.012669220182932595
beta,kw,nr,1000,0.023076647678650364,0.007692215892883454,0.14751762781034808,3,0.007692215892883454,0.007692215892883454
beta,kw,nr,5000,0.00739076867764199,0.0024635895592139967,0.10635729006796663,3,0.0024635895592139967,0.0024635895592139967
beta,kw,optim,100,0.12511394831090472,0.04170464943696824,0.24168619257657403,3,0.04170464943696824,0.04170464943696824
beta,kw,optim,250,0.053885009467709466,0.01796166982256982,0.16983053486129834,3,0.01796166982256982,0.01796166982256982
beta,kw,optim,500,0.024193563539706364,0.00806452117990212,0.10925137307635967,3,0.00806452117990212,0.00806452117990212
beta,kw,optim,1000,0.012465667361786892,0.004155222453928964,0.08002130752839416,3,0.004155222453928964,0.004155222453928964
beta,kw,optim,5000,0.0018427607904554222,6.14253596818474e-4,0.026576352770216378,3,6.14253596818474e-4,6.14253596818474e-4
beta,kw,tmb,100,0.10201128110491853,0.03400376036830618,0.19893712552794132,3,0.03400376036830618,0.03400376036830618
beta,kw,tmb,250,0.04195241887290724,0.013984139624302413,0.13288858750107518,3,0.013984139624302413,0.013984139624302413
beta,kw,tmb,500,0.0218131469561631,0.0072710489853877,0.09860181596173094,3,0.0072710489853877,0.0072710489853877
beta,kw,tmb,1000,0.009857073492283597,0.003285691164094532,0.06334633104501447,3,0.003285691164094532,0.003285691164094532
beta,kw,tmb,5000,0.0013645678721916354,4.548559573972118e-4,0.019683090756540185,3,4.548559573972118e-4,4.548559573972118e-4
delta,beta,nlminb,100,0.08672874553002208,0.04336437276501104,0.20572971450609323,2,0.04336437276501104,0.04336437276501104
delta,beta,nlminb,250,0.03225071400573709,0.016125357002868546,0.12321306880472084,2,0.016125357002868546,0.016125357002868546
delta,beta,nlminb,500,0.016487738720464495,0.008243869360232248,0.0895660096189675,2,0.008243869360232248,0.008243869360232248
delta,beta,nlminb,1000,0.01036322608358331,0.005181613041791655,0.07978275988016911,2,0.005181613041791655,0.005181613041791655
delta,beta,nlminb,5000,0.0014806013468442458,7.403006734221229e-4,0.025566660628635142,2,7.403006734221229e-4,7.403006734221229e-4
delta,beta,nr,100,0.08244179711838973,0.04122089855919486,0.1958463329291676,2,0.04122089855919486,0.04122089855919486
delta,beta,nr,250,0.032300961900513236,0.016150480950256618,0.12340634891302138,2,0.016150480950256618,0.016150480950256618
delta,beta,nr,500,0.013337218837358389,0.0066686094186791944,0.07253147195045719,2,0.0066686094186791944,0.0066686094186791944
delta,beta,nr,1000,0.0052985812579220415,0.0026492906289610207,0.040863902253161354,2,0.0026492906289610207,0.0026492906289610207
delta,beta,nr,5000,0.0016159692332902154,8.079846166451077e-4,0.0279029216712867,2,8.079846166451077e-4,8.079846166451077e-4
delta,beta,optim,100,0.09441020207074047,0.047205101035370234,0.2233731758060851,2,0.047205101035370234,0.047205101035370234
delta,beta,optim,250,0.0329319207905332,0.0164659603952666,0.12578838864308783,2,0.0164659603952666,0.0164659603952666
delta,beta,optim,500,0.012544314121529343,0.0062721570607646715,0.06823610441206404,2,0.0062721570607646715,0.0062721570607646715
delta,beta,optim,1000,0.006086357196317227,0.0030431785981586135,0.04692558407608524,2,0.0030431785981586135,0.0030431785981586135
delta,beta,optim,5000,0.001384322630631818,6.92161315315909e-4,0.023904877479241086,2,6.92161315315909e-4,6.92161315315909e-4
delta,beta,tmb,100,0.07400907664821865,0.037004538324109326,0.1763896021459462,2,0.037004538324109326,0.037004538324109326
delta,beta,tmb,250,0.02664667389887887,0.013323336949439435,0.10201801994281985,2,0.013323336949439435,0.013323336949439435
delta,beta,tmb,500,0.013076264810018667,0.006538132405009334,0.07112391216875691,2,0.006538132405009334,0.006538132405009334
delta,beta,tmb,1000,0.007284284021479959,0.0036421420107399793,0.05614108539855824,2,0.0036421420107399793,0.0036421420107399793
delta,beta,tmb,5000,0.0018791565032354463,9.395782516177231e-4,0.03244455402679655,2,9.395782516177231e-4,9.395782516177231e-4
delta,bkw,nlminb,100,14.690177895221243,9.793451930147496,0.07494294104951,1.5,9.793451930147496,9.793451930147496
delta,bkw,nlminb,250,11.040012242158525,7.3600081614390165,0.11791065356737508,1.5,7.3600081614390165,7.3600081614390165
delta,bkw,nlminb,500,7.9266480364726775,5.284432024315119,0.16389487551071505,1.5,5.284432024315119,5.284432024315119
delta,bkw,nlminb,1000,5.406789072571348,3.6045260483808987,0.19739494315822168,1.5,3.6045260483808987,3.6045260483808987
delta,bkw,nlminb,5000,2.2608311530852174,1.5072207687234782,0.2715218184105815,1.5,1.5072207687234782,1.5072207687234782
delta,bkw,nr,100,0.17046330896942963,0.11364220597961976,0.003692032975322972,1.5,0.11364220597961976,0.11364220597961976
delta,bkw,nr,250,-0.2263890522043328,-0.15092603480288855,-0.0036785140678082208,1.5,-0.15092603480288855,-0.15092603480288855
delta,bkw,nr,500,-0.21218564828349828,-0.14145709885566551,-0.004659157205774041,1.5,-0.14145709885566551,-0.14145709885566551
delta,bkw,nr,1000,-0.367345204546754,-0.24489680303116934,-0.005298549636521014,1.5,-0.24489680303116934,-0.24489680303116934
delta,bkw,nr,5000,0.031473641744419245,0.02098242782961283,2.0422393372627445e-4,1.5,0.02098242782961283,0.02098242782961283
delta,bkw,optim,100,2.0755894205476797,1.3837262803651198,0.049215287032629264,1.5,1.3837262803651198,1.3837262803651198
delta,bkw,optim,250,1.0283046106922855,0.6855364071281903,0.034240331069371785,1.5,0.6855364071281903,0.6855364071281903
delta,bkw,optim,500,0.36170646411429686,0.24113764274286456,0.0161118851502266,1.5,0.24113764274286456,0.24113764274286456
delta,bkw,optim,1000,0.2627399440938838,0.17515996272925585,0.013224323245038883,1.5,0.17515996272925585,0.17515996272925585
delta,bkw,optim,5000,0.3595552256758989,0.2397034837839326,0.02912309141297877,1.5,0.2397034837839326,0.2397034837839326
delta,bkw,tmb,100,0.418709396570613,0.279139597713742,0.07638961764320562,1.5,0.279139597713742,0.279139597713742
delta,bkw,tmb,250,0.3976796837704504,0.26511978918030027,0.07317878669775787,1.5,0.26511978918030027,0.26511978918030027
delta,bkw,tmb,500,0.36572392536427833,0.24381595024285221,0.06849265642159552,1.5,0.24381595024285221,0.24381595024285221
delta,bkw,tmb,1000,0.3448779053538471,0.2299186035692314,0.0659605766196689,1.5,0.2299186035692314,0.2299186035692314
delta,bkw,tmb,5000,0.3287339838145955,0.21915598920973034,0.06702512207815088,1.5,0.21915598920973034,0.21915598920973034
delta,gkw,nlminb,100,33.060620078336534,11.020206692778844,0.17601663098006123,3,11.020206692778844,11.020206692778844
delta,gkw,nlminb,250,2.917401506627299,0.9724671688757663,0.1220574342314739,3,0.9724671688757663,0.9724671688757663
delta,gkw,nlminb,500,-0.849679624811098,-0.28322654160369937,-0.10052604656762557,3,-0.28322654160369937,-0.28322654160369937
delta,gkw,nlminb,1000,-1.0107721448425304,-0.3369240482808435,-0.13909955591738044,3,-0.3369240482808435,-0.3369240482808435
delta,gkw,nlminb,5000,-1.0710813476685281,-0.35702711588950936,-0.17694941150582846,3,-0.35702711588950936,-0.35702711588950936
delta,gkw,nr,100,-0.9215336774270702,-0.30717789247569005,-0.008791481106346663,3,-0.30717789247569005,-0.30717789247569005
delta,gkw,nr,250,-1.6679034518601994,-0.5559678172867332,-0.021947666280305398,3,-0.5559678172867332,-0.5559678172867332
delta,gkw,nr,500,-1.921370095110931,-0.6404566983703103,-0.012488171360786284,3,-0.6404566983703103,-0.6404566983703103
delta,gkw,nr,1000,-2.0947886627290355,-0.6982628875763451,-0.02008279258932513,3,-0.6982628875763451,-0.6982628875763451
delta,gkw,nr,5000,-1.2980601826141656,-0.4326867275380552,-0.009284949668873603,3,-0.4326867275380552,-0.4326867275380552
delta,gkw,optim,100,2.97054226111141,0.9901807537038033,0.11756920761721706,3,0.9901807537038033,0.9901807537038033
delta,gkw,optim,250,0.07600828168052276,0.025336093893507588,0.0067801500776244784,3,0.025336093893507588,0.025336093893507588
delta,gkw,optim,500,-0.25246431911218226,-0.08415477303739409,-0.025952767679028342,3,-0.08415477303739409,-0.08415477303739409
delta,gkw,optim,1000,-1.596930286924826,-0.5323100956416087,-0.35293092553830197,3,-0.5323100956416087,-0.5323100956416087
delta,gkw,optim,5000,-1.8643843424758972,-0.6214614474919657,-0.6239131389083525,3,-0.6214614474919657,-0.6214614474919657
delta,gkw,tmb,100,-0.19889553889352163,-0.06629851296450721,-0.028685644872555767,3,-0.06629851296450721,-0.06629851296450721
delta,gkw,tmb,250,-0.4221359112012335,-0.14071197040041117,-0.07147069118687596,3,-0.14071197040041117,-0.14071197040041117
delta,gkw,tmb,500,-0.5529191319829025,-0.1843063773276342,-0.103519535183765,3,-0.1843063773276342,-0.1843063773276342
delta,gkw,tmb,1000,-0.6698200309546789,-0.22327334365155962,-0.13628990807607647,3,-0.22327334365155962,-0.22327334365155962
delta,gkw,tmb,5000,-0.8273674899743586,-0.2757891633247862,-0.1844127914130202,3,-0.2757891633247862,-0.2757891633247862
delta,kkw,nlminb,100,-0.26252063145841653,-0.08750687715280552,-0.005909865832044589,3,-0.08750687715280552,-0.08750687715280552
delta,kkw,nlminb,250,-0.052591379712881636,-0.017530459904293878,-0.0014532161965886798,3,-0.017530459904293878,-0.017530459904293878
delta,kkw,nlminb,500,0.16585593051969472,0.05528531017323157,0.005082578660827376,3,0.05528531017323157,0.05528531017323157
delta,kkw,nlminb,1000,0.6524184294993747,0.2174728098331249,0.02155175285738776,3,0.2174728098331249,0.2174728098331249
delta,kkw,nlminb,5000,0.9491275125522627,0.3163758375174209,0.042567272256321564,3,0.3163758375174209,0.3163758375174209
delta,kkw,nr,100,-1.5864624545587422,-0.5288208181862474,-0.020605538695039956,3,-0.5288208181862474,-0.5288208181862474
delta,kkw,nr,250,-1.3448413914971837,-0.44828046383239456,-0.022428985173771673,3,-0.44828046383239456,-0.44828046383239456
delta,kkw,nr,500,-1.5920972524605932,-0.5306990841535311,-0.03385241208087968,3,-0.5306990841535311,-0.5306990841535311
delta,kkw,nr,1000,-1.7564851519740894,-0.5854950506580298,-0.022061803201864794,3,-0.5854950506580298,-0.5854950506580298
delta,kkw,nr,5000,-1.393676119641382,-0.46455870654712733,-0.0202369676760854,3,-0.46455870654712733,-0.46455870654712733
delta,kkw,optim,100,0.802832366287479,0.267610788762493,0.0353911171084243,3,0.267610788762493,0.267610788762493
delta,kkw,optim,250,0.48215688333409634,0.16071896111136544,0.02153707286893866,3,0.16071896111136544,0.16071896111136544
delta,kkw,optim,500,3.9086784709048485,1.3028928236349495,0.1766746816945249,3,1.3028928236349495,1.3028928236349495
delta,kkw,optim,1000,1.812305766566169,0.604101922188723,0.10248410880058462,3,0.604101922188723,0.604101922188723
delta,kkw,optim,5000,2.048310531840202,0.6827701772800673,0.16172109621355113,3,0.6827701772800673,0.6827701772800673
delta,kkw,tmb,100,-1.020729212776057,-0.34024307092535233,-0.2009442952633253,3,-0.34024307092535233,-0.34024307092535233
delta,kkw,tmb,250,-0.7699084114310573,-0.25663613714368577,-0.13583101542921053,3,-0.25663613714368577,-0.25663613714368577
delta,kkw,tmb,500,-0.5819476349461641,-0.1939825449820547,-0.09327948157408392,3,-0.1939825449820547,-0.1939825449820547
delta,kkw,tmb,1000,-0.3825502941976251,-0.1275167647325417,-0.056812721406771426,3,-0.1275167647325417,-0.1275167647325417
delta,kkw,tmb,5000,-0.006395080566142575,-0.002131693522047525,-9.365683785412094e-4,3,-0.002131693522047525,-0.002131693522047525
delta,mc,nr,100,-2.4992004623483077,-0.8330668207827693,-0.004113905832881464,3,-0.8330668207827693,-0.8330668207827693
delta,mc,nr,250,-2.4992297751858197,-0.8330765917286066,-0.004113960000726115,3,-0.8330765917286066,-0.8330765917286066
delta,mc,nr,500,-2.4992380837427755,-0.8330793612475919,-0.004114425995678046,3,-0.8330793612475919,-0.8330793612475919
delta,mc,nr,1000,-2.4990730492935533,-0.8330243497645178,-0.004113810161036936,3,-0.8330243497645178,-0.8330243497645178
delta,mc,nr,5000,-2.499122109017038,-0.8330407030056793,-0.004112824543495918,3,-0.8330407030056793,-0.8330407030056793
delta,mc,tmb,100,0.7392430927825395,0.2464143642608465,0.3961974036423463,3,0.2464143642608465,0.2464143642608465
delta,mc,tmb,250,0.29134169476394733,0.09711389825464911,0.30768451183049417,3,0.09711389825464911,0.09711389825464911
delta,mc,tmb,500,0.1237355205756625,0.041245173525220835,0.20051379254973312,3,0.041245173525220835,0.041245173525220835
delta,mc,tmb,1000,0.05933320330809755,0.019777734436032517,0.13944054863793437,3,0.019777734436032517,0.019777734436032517
delta,mc,tmb,5000,0.010077926646577584,0.003359308882192528,0.05418601912696804,3,0.003359308882192528,0.003359308882192528
gamma,beta,nlminb,100,0.0871757622699425,0.02905858742331417,0.2067570552088443,3,0.02905858742331417,0.02905858742331417
gamma,beta,nlminb,250,0.031410234351624045,0.010470078117208015,0.12003792424475546,3,0.010470078117208015,0.010470078117208015
gamma,beta,nlminb,500,0.015583417868004545,0.005194472622668182,0.08468099707893516,3,0.005194472622668182,0.005194472622668182
gamma,beta,nlminb,1000,0.009012619293780944,0.0030042064312603145,0.06941872661211494,3,0.0030042064312603145,0.0030042064312603145
gamma,beta,nlminb,5000,0.001894212377639537,6.314041258798456e-4,0.03270392045737819,3,6.314041258798456e-4,6.314041258798456e-4
gamma,beta,nr,100,0.08660525902252614,0.028868419674175378,0.20543625677131078,3,0.028868419674175378,0.028868419674175378
gamma,beta,nr,250,0.03462153661505418,0.01154051220501806,0.1321629118250306,3,0.01154051220501806,0.01154051220501806
gamma,beta,nr,500,0.015406141605731616,0.005135380535243872,0.08372075446019368,3,0.005135380535243872,0.005135380535243872
gamma,beta,nr,1000,0.007218700721857374,0.002406233573952458,0.055633857691970996,3,0.002406233573952458,0.002406233573952458
gamma,beta,nr,5000,0.002262781400708125,7.542604669027083e-4,0.039062313456437396,3,7.542604669027083e-4,7.542604669027083e-4
gamma,beta,optim,100,0.09190237466484108,0.03063412488828036,0.21763012255449327,3,0.03063412488828036,0.03063412488828036
gamma,beta,optim,250,0.03379468094857918,0.011264893649526394,0.1290443307292476,3,0.011264893649526394,0.011264893649526394
gamma,beta,optim,500,0.01145587080688193,0.0038186236022939766,0.06233978844706976,3,0.0038186236022939766,0.0038186236022939766
gamma,beta,optim,1000,0.005140432546920426,0.001713477515640142,0.039646029905205694,3,0.001713477515640142,0.001713477515640142
gamma,beta,optim,5000,0.0015337421866119527,5.112473955373176e-4,0.02648367605428526,3,5.112473955373176e-4,5.112473955373176e-4
gamma,beta,tmb,100,0.07110433587854859,0.023701445292849527,0.16960486322422824,3,0.023701445292849527,0.023701445292849527
gamma,beta,tmb,250,0.023768016895275856,0.007922672298425285,0.09108327897420941,3,0.007922672298425285,0.007922672298425285
gamma,beta,tmb,500,0.01053226302171728,0.003510754340572427,0.05733673320074169,3,0.003510754340572427,0.003510754340572427
gamma,beta,tmb,1000,0.0049796945730782305,0.0016598981910260768,0.03841033567913844,3,0.0016598981910260768,0.0016598981910260768
gamma,beta,tmb,5000,0.0014865161072283861,4.955053690761287e-4,0.025668950853448596,3,4.955053690761287e-4,4.955053690761287e-4
gamma,bkw,nlminb,100,3.0276413970079963,3.784551746259995,0.1685998869113504,0.8,3.784551746259995,3.784551746259995
gamma,bkw,nlminb,250,1.1464238840200678,1.4330298550250846,0.2407966304422059,0.8,1.4330298550250846,1.4330298550250846
gamma,bkw,nlminb,500,0.34352847345405535,0.4294105918175692,0.24944008276059879,0.8,0.4294105918175692,0.4294105918175692
gamma,bkw,nlminb,1000,0.05345107786240777,0.06681384732800971,0.19715924322668962,0.8,0.06681384732800971,0.06681384732800971
gamma,bkw,nlminb,5000,0.004585916048456262,0.005732395060570328,0.049665740539372824,0.8,0.005732395060570328,0.005732395060570328
gamma,bkw,nr,100,0.16757658381941953,0.20947072977427442,0.03125203424061223,0.8,0.20947072977427442,0.20947072977427442
gamma,bkw,nr,250,0.1823857499950171,0.2279821874937714,0.020353263545510657,0.8,0.2279821874937714,0.2279821874937714
gamma,bkw,nr,500,0.16526622785735223,0.2065827848216903,0.004461911584047731,0.8,0.2065827848216903,0.2065827848216903
gamma,bkw,nr,1000,0.17622138523248576,0.2202767315406072,0.0035949067181135566,0.8,0.2202767315406072,0.2202767315406072
gamma,bkw,nr,5000,0.08409150426587553,0.10511438033234441,0.07959952121322604,0.8,0.10511438033234441,0.10511438033234441
gamma,bkw,optim,100,2.1690525738653106,2.711315717331638,0.1981076951505923,0.8,2.711315717331638,2.711315717331638
gamma,bkw,optim,250,0.7446998084136252,0.9308747605170314,0.2475993921629846,0.8,0.9308747605170314,0.9308747605170314
gamma,bkw,optim,500,0.1851418027974655,0.23142725349683188,0.26573530173527066,0.8,0.23142725349683188,0.23142725349683188
gamma,bkw,optim,1000,0.03424620025358216,0.0428077503169777,0.12658074509349765,0.8,0.0428077503169777,0.0428077503169777
gamma,bkw,optim,5000,0.00621940588966885,0.007774257362086062,0.061745225961472444,0.8,0.007774257362086062,0.007774257362086062
gamma,bkw,tmb,100,0.6035942082449739,0.7544927603062174,0.381325652168917,0.8,0.7544927603062174,0.7544927603062174
gamma,bkw,tmb,250,0.22937561316322608,0.2867195164540326,0.33921587222209665,0.8,0.2867195164540326,0.2867195164540326
gamma,bkw,tmb,500,0.10511941761924282,0.13139927202405352,0.2915861768720025,0.8,0.13139927202405352,0.13139927202405352
gamma,bkw,tmb,1000,0.04898181822864511,0.06122727278580639,0.22858885114765828,0.8,0.06122727278580639,0.06122727278580639
gamma,bkw,tmb,5000,0.006667191151860541,0.008333988939825676,0.07756524498639288,0.8,0.008333988939825676,0.008333988939825676
gamma,gkw,nlminb,100,1.116678841537488,1.39584855192186,0.07672590156145863,0.8,1.39584855192186,1.39584855192186
gamma,gkw,nlminb,250,-0.08491254414561689,-0.10614068018202111,-0.02758339518594813,0.8,-0.10614068018202111,-0.10614068018202111
gamma,gkw,nlminb,500,-0.2616019722690982,-0.3270024653363727,-0.2919334230273289,0.8,-0.3270024653363727,-0.3270024653363727
gamma,gkw,nlminb,1000,-0.2875591309867428,-0.35944891373342847,-0.4342995463404026,0.8,-0.35944891373342847,-0.35944891373342847
gamma,gkw,nlminb,5000,-0.13273184600359444,-0.16591480750449306,-0.1930558026105638,0.8,-0.16591480750449306,-0.16591480750449306
gamma,gkw,nr,100,0.35622232959902567,0.4452779119987821,0.006566323604769773,0.8,0.4452779119987821,0.4452779119987821
gamma,gkw,nr,250,0.2719350690965332,0.3399188363706665,0.0021071927593312293,0.8,0.3399188363706665,0.3399188363706665
gamma,gkw,nr,500,0.26798737126166405,0.33498421407708007,0.0014526116956949076,0.8,0.33498421407708007,0.33498421407708007
gamma,gkw,nr,1000,-0.1777740896966188,-0.22221761212077348,-0.0015011849490225088,0.8,-0.22221761212077348,-0.22221761212077348
gamma,gkw,nr,5000,0.3234897510716017,0.40436218883950215,0.002735030979113774,0.8,0.40436218883950215,0.40436218883950215
gamma,gkw,optim,100,0.6332589571673524,0.7915736964591904,0.0979820725269654,0.8,0.7915736964591904,0.7915736964591904
gamma,gkw,optim,250,0.47214975453662555,0.5901871931707819,0.10367294912771605,0.8,0.5901871931707819,0.5901871931707819
gamma,gkw,optim,500,-0.25575296702297967,-0.3196912087787246,-0.2629756844711478,0.8,-0.3196912087787246,-0.3196912087787246
gamma,gkw,optim,1000,0.42955095617278305,0.5369386952159788,0.14097515538137545,0.8,0.5369386952159788,0.5369386952159788
gamma,gkw,optim,5000,-0.02958498615857097,-0.03698123269821371,-0.03153647877012582,0.8,-0.03698123269821371,-0.03698123269821371
gamma,gkw,tmb,100,0.39843511909377316,0.49804389886721645,0.18652984615364027,0.8,0.49804389886721645,0.49804389886721645
gamma,gkw,tmb,250,0.27872108099963544,0.3484013512495443,0.17670282862893705,0.8,0.3484013512495443,0.3484013512495443
gamma,gkw,tmb,500,0.12812274696830894,0.16015343371038618,0.11290274131759177,0.8,0.16015343371038618,0.16015343371038618
gamma,gkw,tmb,1000,0.03206637966961012,0.040082974587012654,0.0377394311667826,0.8,0.040082974587012654,0.040082974587012654
gamma,gkw,tmb,5000,-0.09938142448369491,-0.12422678060461864,-0.2197718566859331,0.8,-0.12422678060461864,-0.12422678060461864
gamma,mc,nr,100,-0.009687718869118234,-0.009687718869118234,-3.945456195222652e-5,1,-0.009687718869118234,-0.009687718869118234
gamma,mc,nr,250,-0.009801075561007955,-0.009801075561007955,-3.9934745188337266e-5,1,-0.009801075561007955,-0.009801075561007955
gamma,mc,nr,500,-0.009653968300159854,-0.009653968300159854,-3.934320201103504e-5,1,-0.009653968300159854,-0.009653968300159854
gamma,mc,nr,1000,-0.00984542729755944,-0.00984542729755944,-4.012167887750435e-5,1,-0.00984542729755944,-0.00984542729755944
gamma,mc,nr,5000,-0.010329276843036528,-0.010329276843036528,-4.2093575946355974e-5,1,-0.010329276843036528,-0.010329276843036528
gamma,mc,tmb,100,0.574807573881023,0.574807573881023,0.27224232964779616,1,0.574807573881023,0.574807573881023
gamma,mc,tmb,250,0.4786567341511945,0.4786567341511945,0.308960086070747,1,0.4786567341511945,0.4786567341511945
gamma,mc,tmb,500,0.32288470759624266,0.32288470759624266,0.3159884682354211,1,0.32288470759624266,0.32288470759624266
gamma,mc,tmb,1000,0.16524576901709853,0.16524576901709853,0.28964248663793535,1,0.16524576901709853,0.16524576901709853
gamma,mc,tmb,5000,0.023653862556478167,0.023653862556478167,0.1402600888712754,1,0.023653862556478167,0.023653862556478167
lambda,ekw,nlminb,100,14.685789191036864,9.790526127357909,0.10924809066558522,1.5,9.790526127357909,9.790526127357909
lambda,ekw,nlminb,250,2.914249638018833,1.9428330920125554,0.18849878719440974,1.5,1.9428330920125554,1.9428330920125554
lambda,ekw,nlminb,500,0.42311844506868357,0.28207896337912236,0.3148234262552228,1.5,0.28207896337912236,0.28207896337912236
lambda,ekw,nlminb,1000,0.15475384139875437,0.10316922759916958,0.2500986222549939,1.5,0.10316922759916958,0.10316922759916958
lambda,ekw,nlminb,5000,0.02230247274987396,0.014868315166582638,0.09602771863072943,1.5,0.014868315166582638,0.014868315166582638
lambda,ekw,nr,100,2.2077199614781398,1.4718133076520932,0.024960882091990922,1.5,1.4718133076520932,1.4718133076520932
lambda,ekw,nr,250,2.2422636057293843,1.4948424038195895,0.09432702825401007,1.5,1.4948424038195895,1.4948424038195895
lambda,ekw,nr,500,1.55131542924706,1.0342102861647067,0.059268984493632715,1.5,1.0342102861647067,1.0342102861647067
lambda,ekw,nr,1000,1.0589624308117496,0.7059749538744997,0.048478303588055056,1.5,0.7059749538744997,0.7059749538744997
lambda,ekw,nr,5000,0.27880316953652673,0.1858687796910178,0.0073208999022471005,1.5,0.1858687796910178,0.1858687796910178
lambda,ekw,optim,100,3.524458542275931,2.349639028183954,0.25440153189689596,1.5,2.349639028183954,2.349639028183954
lambda,ekw,optim,250,1.332095898183833,0.8880639321225553,0.33352450020611624,1.5,0.8880639321225553,0.8880639321225553
lambda,ekw,optim,500,0.39753055316102803,0.2650203687740187,0.3288753051297382,1.5,0.2650203687740187,0.2650203687740187
lambda,ekw,optim,1000,0.15383413415744074,0.10255608943829382,0.2484811129837712,1.5,0.10255608943829382,0.10255608943829382
lambda,ekw,optim,5000,0.027893661953244164,0.01859577463549611,0.11932219530566543,1.5,0.01859577463549611,0.01859577463549611
lambda,ekw,tmb,100,1.0897404692167267,0.7264936461444845,0.32225770910177737,1.5,0.7264936461444845,0.7264936461444845
lambda,ekw,tmb,250,0.66047378016426,0.44031585344283997,0.35010172824887675,1.5,0.44031585344283997,0.44031585344283997
lambda,ekw,tmb,500,0.3120549655031908,0.20803664366879385,0.30661447419142174,1.5,0.20803664366879385,0.20803664366879385
lambda,ekw,tmb,1000,0.14681275037292818,0.09787516691528546,0.2437738981961998,1.5,0.09787516691528546,0.09787516691528546
lambda,ekw,tmb,5000,0.024743542533921303,0.016495695022614203,0.10638829571186442,1.5,0.016495695022614203,0.016495695022614203
lambda,gkw,nlminb,100,21.66969809051761,14.446465393678407,0.20166849759449204,1.5,14.446465393678407,14.446465393678407
lambda,gkw,nlminb,250,9.27819468964586,6.185463126430573,0.2676292162943113,1.5,6.185463126430573,6.185463126430573
lambda,gkw,nlminb,500,5.059948447053764,3.3732989647025096,0.32005196121477303,1.5,3.3732989647025096,3.3732989647025096
lambda,gkw,nlminb,1000,4.01568944100755,2.677126294005033,0.3763166394824017,1.5,2.677126294005033,2.677126294005033
lambda,gkw,nlminb,5000,1.7733840955816635,1.182256063721109,0.425998690276064,1.5,1.182256063721109,1.182256063721109
lambda,gkw,nr,100,0.0045375162858323215,0.0030250108572215475,7.917933489110395e-5,1.5,0.0030250108572215475,0.0030250108572215475
lambda,gkw,nr,250,-0.4946458972089136,-0.3297639314726091,-0.004816135753661236,1.5,-0.3297639314726091,-0.3297639314726091
lambda,gkw,nr,500,-0.004952038251823998,-0.003301358834549332,-2.3997477870045486e-5,1.5,-0.003301358834549332,-0.003301358834549332
lambda,gkw,nr,1000,0.4329285524260873,0.2886190349507249,0.0013124467053802955,1.5,0.2886190349507249,0.2886190349507249
lambda,gkw,nr,5000,-0.6730530016888253,-0.44870200112588354,-0.0081642908495383245,1.5,-0.44870200112588354,-0.44870200112588354
lambda,gkw,optim,100,13.918738719262386,9.279159146174925,0.35212148513094993,1.5,9.279159146174925,9.279159146174925
lambda,gkw,optim,250,10.06245737083317,6.708304913888781,0.4364753997863983,1.5,6.708304913888781,6.708304913888781
lambda,gkw,optim,500,10.47574509213546,6.98383006142364,0.5281337088480313,1.5,6.98383006142364,6.98383006142364
lambda,gkw,optim,1000,1.5070815538898823,1.0047210359265881,0.276295194816993,1.5,1.0047210359265881,1.0047210359265881
lambda,gkw,optim,5000,0.9629334522417037,0.6419556348278025,0.3830700258619063,1.5,0.6419556348278025,0.6419556348278025
lambda,gkw,tmb,100,0.5641656561585653,0.37611043743904354,0.12047083675329069,1.5,0.37611043743904354,0.37611043743904354
lambda,gkw,tmb,250,0.977488594216247,0.6516590628108313,0.2123714957668161,1.5,0.6516590628108313,0.6516590628108313
lambda,gkw,tmb,500,1.6818284839799116,1.1212189893199411,0.33787096501326536,1.5,1.1212189893199411,1.1212189893199411
lambda,gkw,tmb,1000,2.0458814339561386,1.363920955970759,0.45455110864331977,1.5,1.363920955970759,1.363920955970759
lambda,gkw,tmb,5000,1.9783586679869885,1.3189057786579923,0.6414415241547544,1.5,1.3189057786579923,1.3189057786579923
lambda,kkw,nlminb,100,1.372076104504342,0.9147174030028946,0.08393151628093014,1.5,0.9147174030028946,0.9147174030028946
lambda,kkw,nlminb,250,0.8371206613040751,0.5580804408693835,0.1042717498408194,1.5,0.5580804408693835,0.5580804408693835
lambda,kkw,nlminb,500,0.42428173623193977,0.28285449082129316,0.0794945360533207,1.5,0.28285449082129316,0.28285449082129316
lambda,kkw,nlminb,1000,0.39187661401878526,0.2612510760125235,0.0749692827433226,1.5,0.2612510760125235,0.2612510760125235
lambda,kkw,nlminb,5000,0.18307496224596775,0.12204997483064517,0.044891616522268696,1.5,0.12204997483064517,0.12204997483064517
lambda,kkw,nr,100,0.21949584058646954,0.1463305603909797,0.004680319398951821,1.5,0.1463305603909797,0.1463305603909797
lambda,kkw,nr,250,0.13679008887029354,0.0911933925801957,0.0021756533645633414,1.5,0.0911933925801957,0.0911933925801957
lambda,kkw,nr,500,-0.01195079051084158,-0.007967193673894387,-2.743929924972761e-4,1.5,-0.007967193673894387,-0.007967193673894387
lambda,kkw,nr,1000,0.30184463269703987,0.2012297551313599,0.008172824524574466,1.5,0.2012297551313599,0.2012297551313599
lambda,kkw,nr,5000,0.11766895623364482,0.07844597082242988,0.0011472004733146615,1.5,0.07844597082242988,0.07844597082242988
lambda,kkw,optim,100,1.6724048699712117,1.1149365799808078,0.0940495413450082,1.5,1.1149365799808078,1.1149365799808078
lambda,kkw,optim,250,1.1091893143418132,0.7394595428945422,0.09225733223658505,1.5,0.7394595428945422,0.7394595428945422
lambda,kkw,optim,500,1.9425978167321127,1.2950652111547418,0.1458091407400733,1.5,1.2950652111547418,1.2950652111547418
lambda,kkw,optim,1000,0.8760788161779556,0.584052544118637,0.13256266994089216,1.5,0.584052544118637,0.584052544118637
lambda,kkw,optim,5000,0.5539879555748595,0.36932530371657296,0.1454119392679086,1.5,0.36932530371657296,0.36932530371657296
lambda,kkw,tmb,100,0.8421945218250779,0.561463014550052,0.26288934730651564,1.5,0.561463014550052,0.561463014550052
lambda,kkw,tmb,250,0.3356645447488995,0.223776363165933,0.15646486025133718,1.5,0.223776363165933,0.223776363165933
lambda,kkw,tmb,500,0.19507918110620182,0.13005278740413453,0.10656507050234022,1.5,0.13005278740413453,0.13005278740413453
lambda,kkw,tmb,1000,0.14663365573446718,0.09775577048964479,0.0855732350252398,1.5,0.09775577048964479,0.09775577048964479
lambda,kkw,tmb,5000,0.20668911923609024,0.13779274615739348,0.12231715263224924,1.5,0.13779274615739348,0.13779274615739348
lambda,mc,nr,100,0.4779346213002944,0.3186230808668629,0.001944263572064602,1.5,0.3186230808668629,0.3186230808668629
lambda,mc,nr,250,0.4773280817983161,0.3182187211988774,0.0019423687204765201,1.5,0.3182187211988774,0.3182187211988774
lambda,mc,nr,500,0.47771130648290216,0.3184742043219348,0.0019441682781651808,1.5,0.3184742043219348,0.3184742043219348
lambda,mc,nr,1000,0.47853689935985955,0.3190245995732397,0.001947670292238372,1.5,0.3190245995732397,0.3190245995732397
lambda,mc,nr,5000,0.4776176719802687,0.31841178132017917,0.0019440355970295493,1.5,0.31841178132017917,0.31841178132017917
lambda,mc,tmb,100,0.1792878142322103,0.1195252094881402,0.144672242568204,1.5,0.1195252094881402,0.1195252094881402
lambda,mc,tmb,250,0.042392776762861795,0.028261851175241198,0.051055023566975624,1.5,0.028261851175241198,0.028261851175241198
lambda,mc,tmb,500,-3.164892578455536e-6,-2.109928385637024e-6,-5.234458329099995e-6,1.5,-2.109928385637024e-6,-2.109928385637024e-6
lambda,mc,tmb,1000,-0.0036184170008002337,-0.002412278000533489,-0.008417050178619708,1.5,-0.002412278000533489,-0.002412278000533489
lambda,mc,tmb,5000,7.019689741749602e-5,4.679793161166401e-5,3.7417558569481104e-4,1.5,4.679793161166401e-5,4.679793161166401e-5
